ID|NAME|COLOUR|GENDER_RECOMMENDATION|SIZE|PRICE|RATING|AVAILABILITY
ADC14536258MP|Adidas Men Purple Slim Fit Aeroready|Purple|M|M|1199.00|3.8|Y
ADC23627167MM|Adidas Solid Freelift Tennis T-shirt|Maroon|U|M|2000.00|3.1|Y
ADC23627167LB|Adidas Solid Freelift Tennis T-shirt|Black|U|L|2100.00|3.5|N
ADC13242545LY|Adidas Designed2Move T|Yellow|M|L|3000.00|3.8|Y
ADC76537883SB|Adidas Printed Win 2.0 Tee|Blue|F|S|1799.00|3.2|Y
A1DC76537883SB|Adidas Printed Win 5.0 Tees|Blue|F|S|1799.80|4.0|Y
A2DC76537883SB|Adidas Printed Win 6.0 Teess|Blue|F|S|1000.50|5.0|Y
A3DC76537883SB|Adidas Printed Win 7.0 Teesss|Blue|F|S|1589.00|2.2|Y